location,month,daily_peak_C,daily_avg_C
AZ,0.057,59.6,51.8
AZ,0.086,60.1,51.8
AZ,0.115,60.2,51.9
AZ,0.144,62.5,52.1
AZ,0.172,62.5,53.1
AZ,0.201,61.8,53.6
AZ,0.23,61.8,54.7
AZ,0.258,61.8,54.7
AZ,0.287,62.5,55.0
AZ,0.316,62.5,55.1
AZ,0.344,62.8,55.0
AZ,0.373,62.8,54.7
AZ,0.402,62.8,54.7
AZ,0.431,62.8,53.4
AZ,0.459,60.2,51.3
AZ,0.488,59.6,51.0
AZ,0.517,58.9,50.7
AZ,0.545,58.8,50.7
AZ,0.574,58.8,50.7
AZ,0.603,58.8,50.7
AZ,0.632,58.9,50.7
AZ,0.66,59.8,51.1
AZ,0.689,60.2,51.8
AZ,0.718,60.3,51.8
AZ,0.746,60.3,52.0
AZ,0.775,60.6,52.3
AZ,0.804,60.6,52.3
AZ,0.833,60.6,52.3
AZ,0.861,60.6,52.3
AZ,0.89,59.3,51.7
AZ,0.919,58.2,49.2
AZ,0.947,58.2,49.2
AZ,0.976,58.2,49.2
AZ,1.005,58.2,49.2
AZ,1.033,59.3,49.2
AZ,1.062,60.1,51.1
AZ,1.091,60.1,51.1
AZ,1.12,60.4,51.1
AZ,1.148,60.4,51.1
AZ,1.177,60.1,50.0
AZ,1.206,59.9,49.8
AZ,1.234,59.4,45.9
AZ,1.263,57.0,45.9
AZ,1.292,57.0,45.9
AZ,1.321,57.0,45.9
AZ,1.349,57.0,46.2
AZ,1.378,60.4,49.3
AZ,1.407,60.4,49.3
AZ,1.435,60.4,49.3
AZ,1.464,60.4,49.3
AZ,1.493,60.4,50.1
AZ,1.522,60.4,50.1
AZ,1.55,60.4,50.1
AZ,1.579,62.6,51.0
AZ,1.608,64.6,53.3
AZ,1.636,64.9,55.1
AZ,1.665,65.9,55.3
AZ,1.694,66.8,55.4
AZ,1.722,67.0,56.4
AZ,1.751,67.5,57.7
AZ,1.78,69.1,58.3
AZ,1.809,70.3,59.0
AZ,1.837,70.3,59.0
AZ,1.866,70.3,59.0
AZ,1.895,70.3,59.0
AZ,1.923,70.3,57.7
AZ,1.952,67.8,57.5
AZ,1.981,65.5,57.2
AZ,2.01,65.2,56.1
AZ,2.038,65.1,54.6
AZ,2.067,63.9,50.2
AZ,2.096,63.0,47.2
AZ,2.124,61.5,47.2
AZ,2.153,61.5,47.2
AZ,2.182,61.5,47.2
AZ,2.211,61.5,50.5
AZ,2.239,64.9,54.7
AZ,2.268,67.1,57.4
AZ,2.297,67.6,58.1
AZ,2.325,69.3,59.1
AZ,2.354,69.4,59.6
AZ,2.383,69.4,59.8
AZ,2.411,69.7,60.2
AZ,2.44,69.9,60.2
AZ,2.469,69.9,60.2
AZ,2.498,69.7,60.2
AZ,2.526,69.4,59.1
AZ,2.555,67.8,55.6
AZ,2.584,65.8,55.5
AZ,2.612,65.8,55.5
AZ,2.641,65.8,55.5
AZ,2.67,65.8,55.5
AZ,2.699,66.1,55.5
AZ,2.727,68.0,55.5
AZ,2.756,68.0,55.5
AZ,2.785,68.0,55.5
AZ,2.813,68.0,54.8
AZ,2.842,65.0,54.4
AZ,2.871,64.8,53.7
AZ,2.9,64.8,53.6
AZ,2.928,64.8,52.8
AZ,2.957,64.8,52.4
AZ,2.986,65.0,52.0
AZ,3.014,65.6,52.0
AZ,3.043,65.6,52.0
AZ,3.072,67.3,52.0
AZ,3.1,69.8,57.7
AZ,3.129,72.1,60.2
AZ,3.158,73.7,61.7
AZ,3.187,73.7,61.7
AZ,3.215,73.7,61.7
AZ,3.244,73.7,61.7
AZ,3.273,73.5,61.5
AZ,3.301,71.9,61.3
AZ,3.33,71.9,60.6
AZ,3.359,71.8,60.6
AZ,3.388,71.8,60.6
AZ,3.416,71.8,60.6
AZ,3.445,71.8,60.6
AZ,3.474,72.5,60.7
AZ,3.502,73.1,61.0
AZ,3.531,73.3,61.0
AZ,3.56,73.3,61.0
AZ,3.589,73.3,61.0
AZ,3.617,73.3,61.0
AZ,3.646,73.3,61.0
AZ,3.675,73.2,61.0
AZ,3.703,73.1,61.0
AZ,3.732,73.1,61.7
AZ,3.761,73.1,62.5
AZ,3.789,73.1,62.5
AZ,3.818,73.2,62.5
AZ,3.847,73.3,62.5
AZ,3.876,73.4,62.2
AZ,3.904,74.0,62.2
AZ,3.933,74.0,62.2
AZ,3.962,74.0,61.9
AZ,3.99,74.0,61.9
AZ,4.019,72.7,59.1
AZ,4.048,72.5,58.0
AZ,4.077,70.3,57.0
AZ,4.105,67.0,55.5
AZ,4.134,67.0,55.5
AZ,4.163,67.0,55.5
AZ,4.191,67.0,55.5
AZ,4.22,67.9,57.0
AZ,4.249,70.8,59.0
AZ,4.278,73.0,61.4
AZ,4.306,73.0,63.1
AZ,4.335,73.0,64.1
AZ,4.364,73.0,64.9
AZ,4.392,72.8,64.9
AZ,4.421,72.5,64.9
AZ,4.45,72.3,64.9
AZ,4.478,72.1,64.8
AZ,4.507,71.9,62.1
AZ,4.536,71.9,61.0
AZ,4.565,71.9,61.0
AZ,4.593,71.9,61.0
AZ,4.622,73.3,61.0
AZ,4.651,73.4,62.9
AZ,4.679,73.4,63.1
AZ,4.708,73.5,63.1
AZ,4.737,73.6,63.2
AZ,4.766,73.6,64.0
AZ,4.794,73.7,64.5
AZ,4.823,73.7,64.5
AZ,4.852,73.7,64.5
AZ,4.88,73.7,64.5
AZ,4.909,73.8,64.5
AZ,4.938,73.8,64.5
AZ,4.967,73.8,64.5
AZ,4.995,74.2,64.6
AZ,5.024,74.7,65.0
AZ,5.053,75.1,65.7
AZ,5.081,75.5,66.1
AZ,5.11,75.9,66.1
AZ,5.139,76.4,66.1
AZ,5.167,76.8,66.2
AZ,5.196,77.2,66.6
AZ,5.225,77.6,66.6
AZ,5.254,78.0,66.6
AZ,5.282,78.4,67.5
AZ,5.311,79.3,68.1
AZ,5.34,80.7,68.5
AZ,5.368,80.8,69.1
AZ,5.397,80.8,69.3
AZ,5.426,80.8,69.7
AZ,5.455,80.8,69.7
AZ,5.483,80.9,69.7
AZ,5.512,84.2,69.7
AZ,5.541,84.4,69.6
AZ,5.569,94.8,69.6
AZ,5.598,94.8,69.3
AZ,5.627,94.8,68.7
AZ,5.656,94.8,68.6
AZ,5.684,94.8,68.2
AZ,5.713,94.8,68.2
AZ,5.742,94.8,68.2
AZ,5.77,94.8,68.1
AZ,5.799,94.8,68.1
AZ,5.828,94.8,68.0
AZ,5.856,94.8,66.8
AZ,5.885,94.8,65.9
AZ,5.914,94.8,65.9
AZ,5.943,94.8,65.9
AZ,5.971,95.2,65.9
AZ,6.0,95.2,66.9
AZ,6.029,95.2,67.0
AZ,6.057,95.2,68.4
AZ,6.086,81.2,68.9
AZ,6.115,81.2,68.9
AZ,6.144,81.2,68.9
AZ,6.172,81.2,68.9
AZ,6.201,94.2,68.3
AZ,6.23,94.2,67.5
AZ,6.258,94.2,67.5
AZ,6.287,94.2,67.5
AZ,6.316,92.8,67.5
AZ,6.344,84.5,67.5
AZ,6.373,84.5,67.7
AZ,6.402,84.5,67.7
AZ,6.431,84.5,67.7
AZ,6.459,84.7,67.7
AZ,6.488,85.3,66.8
AZ,6.517,86.0,66.2
AZ,6.545,92.8,66.2
AZ,6.574,92.8,66.2
AZ,6.603,92.8,66.2
AZ,6.632,92.8,66.3
AZ,6.66,85.4,66.6
AZ,6.689,85.4,67.8
AZ,6.718,85.4,67.8
AZ,6.746,85.4,67.8
AZ,6.775,93.3,67.8
AZ,6.804,93.3,67.3
AZ,6.833,93.3,66.6
AZ,6.861,93.3,66.1
AZ,6.89,87.2,65.1
AZ,6.919,87.2,65.1
AZ,6.947,87.2,65.1
AZ,6.976,87.2,65.1
AZ,7.005,86.8,65.2
AZ,7.033,86.8,67.5
AZ,7.062,87.2,67.5
AZ,7.091,94.1,67.5
AZ,7.12,94.1,67.9
AZ,7.148,86.8,69.0
AZ,7.177,86.8,69.0
AZ,7.206,80.7,69.0
AZ,7.234,79.6,69.0
AZ,7.263,79.6,68.6
AZ,7.292,79.6,68.2
AZ,7.321,79.5,68.1
AZ,7.349,79.1,68.0
AZ,7.378,79.5,65.7
AZ,7.407,85.5,65.7
AZ,7.435,86.5,65.7
AZ,7.464,87.0,65.7
AZ,7.493,94.5,65.7
AZ,7.522,94.5,67.1
AZ,7.55,94.5,67.1
AZ,7.579,94.5,67.1
AZ,7.608,93.9,67.1
AZ,7.636,93.6,67.0
AZ,7.665,93.3,65.6
AZ,7.694,92.9,63.7
AZ,7.722,92.8,63.7
AZ,7.751,87.2,63.7
AZ,7.78,85.4,63.7
AZ,7.809,83.8,65.7
AZ,7.837,83.8,68.0
AZ,7.866,80.6,68.0
AZ,7.895,80.6,68.1
AZ,7.923,80.6,68.2
AZ,7.952,85.4,68.2
AZ,7.981,85.4,68.1
AZ,8.01,85.4,68.0
AZ,8.038,78.9,66.9
AZ,8.067,78.4,66.1
AZ,8.096,76.7,65.8
AZ,8.124,76.7,65.8
AZ,8.153,76.7,65.8
AZ,8.182,76.7,65.8
AZ,8.211,77.6,66.5
AZ,8.239,77.7,66.7
AZ,8.268,85.5,66.8
AZ,8.297,85.5,66.8
AZ,8.325,86.8,66.8
AZ,8.354,86.8,66.8
AZ,8.383,87.0,65.6
AZ,8.411,87.0,65.2
AZ,8.44,87.0,64.7
AZ,8.469,86.8,63.9
AZ,8.498,86.6,63.9
AZ,8.526,85.0,63.9
AZ,8.555,85.0,63.9
AZ,8.584,76.7,63.8
AZ,8.612,76.7,63.8
AZ,8.641,76.7,63.8
AZ,8.67,76.6,63.8
AZ,8.699,74.6,62.6
AZ,8.727,74.6,62.3
AZ,8.756,74.6,62.3
AZ,8.785,74.6,62.3
AZ,8.813,77.0,62.3
AZ,8.842,77.7,63.8
AZ,8.871,83.8,64.8
AZ,8.9,85.4,65.8
AZ,8.928,83.8,65.8
AZ,8.957,77.7,65.8
AZ,8.986,77.7,65.8
AZ,9.014,83.8,63.9
AZ,9.043,83.8,60.6
AZ,9.072,83.8,57.7
AZ,9.1,83.8,57.7
AZ,9.129,86.0,57.7
AZ,9.158,86.0,57.7
AZ,9.187,83.8,61.2
AZ,9.215,76.6,63.6
AZ,9.244,76.6,64.4
AZ,9.273,76.5,64.6
AZ,9.301,76.5,64.6
AZ,9.33,76.0,64.6
AZ,9.359,75.6,64.6
AZ,9.388,75.4,64.2
AZ,9.416,75.3,63.9
AZ,9.445,74.8,63.4
AZ,9.474,73.3,63.2
AZ,9.502,72.9,63.0
AZ,9.531,72.9,62.9
AZ,9.56,72.8,62.4
AZ,9.589,71.7,61.4
AZ,9.617,69.5,58.9
AZ,9.646,68.4,58.5
AZ,9.675,68.4,58.5
AZ,9.703,68.1,58.5
AZ,9.732,67.3,58.5
AZ,9.761,67.3,58.5
AZ,9.789,68.0,58.5
AZ,9.818,68.0,58.5
AZ,9.847,68.0,57.7
AZ,9.876,68.0,57.7
AZ,9.904,68.0,57.5
AZ,9.933,68.0,57.4
AZ,9.962,68.0,57.4
AZ,9.99,67.9,56.9
AZ,10.019,67.8,55.5
AZ,10.048,65.2,53.7
AZ,10.077,65.2,53.7
AZ,10.105,65.2,53.7
AZ,10.134,65.2,53.7
AZ,10.163,65.5,55.0
AZ,10.191,65.5,55.0
AZ,10.22,65.5,55.0
AZ,10.249,65.5,55.1
AZ,10.278,65.5,55.8
AZ,10.306,65.5,55.8
AZ,10.335,65.5,55.9
AZ,10.364,65.5,56.6
AZ,10.392,65.2,56.6
AZ,10.421,65.0,56.6
AZ,10.45,65.0,56.6
AZ,10.478,64.1,55.4
AZ,10.507,62.3,53.9
AZ,10.536,62.3,53.9
AZ,10.565,62.3,53.9
AZ,10.593,62.3,53.9
AZ,10.622,62.5,54.1
AZ,10.651,64.3,55.2
AZ,10.679,64.4,55.6
AZ,10.708,64.4,55.6
AZ,10.737,64.4,55.6
AZ,10.766,64.4,55.6
AZ,10.794,64.3,55.0
AZ,10.823,64.3,55.0
AZ,10.852,64.3,55.0
AZ,10.88,64.0,55.0
AZ,10.909,64.0,55.0
AZ,10.938,64.0,55.0
AZ,10.967,64.0,55.0
AZ,10.995,62.6,54.7
AZ,11.024,62.5,54.7
AZ,11.053,62.3,51.6
AZ,11.081,62.2,47.9
AZ,11.11,61.7,47.9
AZ,11.139,61.0,47.9
AZ,11.167,60.9,47.9
AZ,11.196,60.9,49.7
AZ,11.225,60.8,49.7
AZ,11.254,60.7,49.7
AZ,11.282,60.7,49.7
AZ,11.311,58.9,46.9
AZ,11.34,57.0,46.9
AZ,11.368,55.9,46.9
AZ,11.397,55.9,46.9
AZ,11.426,55.9,47.1
AZ,11.455,55.9,47.9
AZ,11.483,56.0,48.3
AZ,11.512,56.6,49.1
AZ,11.541,58.0,50.9
AZ,11.569,59.9,52.8
AZ,11.598,59.9,52.8
AZ,11.627,59.9,52.8
AZ,11.656,59.9,52.8
AZ,11.684,59.8,52.2
AZ,11.713,58.3,50.5
AZ,11.742,58.3,50.5
AZ,11.77,58.3,50.5
AZ,11.799,58.3,50.5
AZ,11.828,59.2,51.1
AZ,11.856,59.4,51.1
AZ,11.885,59.4,51.1
AZ,11.914,59.4,51.1
AZ,11.943,59.2,47.8
WA,0.057,65.8,36.1
WA,0.086,65.8,36.2
WA,0.114,65.8,36.2
WA,0.143,65.8,36.2
WA,0.171,48.5,36.2
WA,0.2,43.6,37.3
WA,0.229,43.6,37.3
WA,0.257,43.6,37.5
WA,0.286,43.6,37.9
WA,0.314,44.0,37.9
WA,0.343,44.1,37.9
WA,0.371,44.1,38.3
WA,0.4,44.1,38.8
WA,0.429,44.0,38.9
WA,0.457,43.7,38.9
WA,0.486,43.7,38.9
WA,0.514,43.7,40.0
WA,0.543,43.7,40.0
WA,0.571,44.5,40.1
WA,0.6,47.9,40.7
WA,0.629,48.2,40.7
WA,0.657,48.2,40.7
WA,0.686,48.2,40.7
WA,0.714,48.2,39.7
WA,0.743,47.9,39.4
WA,0.771,44.3,36.7
WA,0.8,42.3,36.7
WA,0.829,42.3,36.7
WA,0.857,42.3,36.7
WA,0.886,42.3,37.8
WA,0.914,42.5,38.5
WA,0.943,45.7,39.9
WA,0.971,48.8,41.9
WA,1.0,49.7,42.3
WA,1.029,50.3,42.3
WA,1.057,50.3,42.3
WA,1.086,50.3,42.3
WA,1.114,50.3,42.3
WA,1.143,50.3,41.1
WA,1.171,48.3,40.2
WA,1.2,48.3,40.2
WA,1.229,48.3,40.2
WA,1.257,48.3,40.2
WA,1.286,48.3,40.7
WA,1.314,48.3,41.2
WA,1.343,48.3,41.3
WA,1.371,48.7,41.3
WA,1.4,48.7,41.5
WA,1.429,48.7,41.6
WA,1.457,51.0,44.0
WA,1.486,52.6,44.4
WA,1.514,52.7,44.6
WA,1.543,53.0,44.6
WA,1.571,53.0,44.7
WA,1.6,53.2,44.7
WA,1.629,53.2,44.6
WA,1.657,53.2,44.6
WA,1.686,53.2,44.6
WA,1.714,50.5,42.2
WA,1.743,47.4,40.2
WA,1.771,44.4,39.4
WA,1.8,44.4,39.4
WA,1.829,44.4,39.4
WA,1.857,44.4,39.4
WA,1.886,45.1,39.7
WA,1.914,45.2,40.3
WA,1.943,45.3,40.7
WA,1.971,46.3,40.7
WA,2.0,47.1,41.2
WA,2.029,48.3,41.6
WA,2.057,48.6,41.8
WA,2.086,48.6,41.8
WA,2.114,48.7,41.8
WA,2.143,49.2,41.7
WA,2.171,49.6,41.6
WA,2.2,49.7,41.6
WA,2.229,50.0,41.7
WA,2.257,50.0,41.7
WA,2.286,52.4,42.7
WA,2.314,55.3,44.6
WA,2.343,57.0,45.4
WA,2.371,57.1,46.3
WA,2.4,57.3,46.8
WA,2.429,59.2,47.0
WA,2.457,60.0,47.3
WA,2.486,60.0,47.5
WA,2.514,60.0,47.5
WA,2.543,60.0,47.5
WA,2.571,56.9,47.5
WA,2.6,55.2,46.2
WA,2.629,50.8,44.6
WA,2.657,48.5,43.4
WA,2.686,47.4,41.4
WA,2.714,47.4,41.4
WA,2.743,47.4,41.4
WA,2.771,47.4,41.4
WA,2.8,49.6,41.7
WA,2.829,51.4,42.5
WA,2.857,51.4,42.7
WA,2.886,51.6,42.9
WA,2.914,53.2,44.2
WA,2.943,55.4,46.8
WA,2.971,55.7,47.0
WA,3.0,56.0,47.1
WA,3.029,56.1,47.2
WA,3.057,57.5,47.6
WA,3.086,59.7,48.7
WA,3.114,63.8,51.9
WA,3.143,63.8,51.9
WA,3.171,63.8,51.9
WA,3.2,63.8,51.9
WA,3.229,62.2,50.2
WA,3.257,60.1,48.3
WA,3.286,55.6,45.7
WA,3.314,55.6,45.7
WA,3.343,55.6,45.7
WA,3.371,55.6,45.7
WA,3.4,55.7,45.7
WA,3.429,55.7,45.7
WA,3.457,55.7,45.7
WA,3.486,55.7,45.7
WA,3.514,54.6,43.8
WA,3.543,52.7,43.4
WA,3.571,52.1,43.1
WA,3.6,51.9,42.5
WA,3.629,51.8,42.5
WA,3.657,50.1,42.5
WA,3.686,50.1,42.5
WA,3.714,50.1,42.7
WA,3.743,50.1,43.1
WA,3.771,52.7,44.9
WA,3.8,55.5,46.3
WA,3.829,56.1,46.7
WA,3.857,59.8,49.0
WA,3.886,59.9,49.1
WA,3.914,60.5,49.7
WA,3.943,61.0,50.8
WA,3.971,61.2,50.9
WA,4.0,61.2,51.1
WA,4.029,62.7,51.4
WA,4.057,62.7,52.3
WA,4.086,62.7,52.3
WA,4.114,62.7,52.3
WA,4.143,61.4,52.3
WA,4.171,61.4,51.8
WA,4.2,61.2,49.0
WA,4.229,59.0,48.6
WA,4.257,59.0,48.6
WA,4.286,59.0,48.6
WA,4.314,59.0,48.6
WA,4.343,59.0,50.3
WA,4.371,61.9,50.6
WA,4.4,61.9,50.6
WA,4.429,61.9,50.6
WA,4.457,61.9,50.6
WA,4.486,60.9,49.9
WA,4.514,60.9,48.9
WA,4.543,60.1,48.8
WA,4.571,60.1,48.7
WA,4.6,59.2,48.1
WA,4.629,59.2,48.1
WA,4.657,57.8,48.1
WA,4.686,55.6,45.6
WA,4.714,55.2,45.6
WA,4.743,55.2,45.6
WA,4.771,55.1,45.6
WA,4.8,55.1,45.6
WA,4.829,55.1,45.9
WA,4.857,55.1,46.2
WA,4.886,55.8,46.4
WA,4.914,57.6,47.5
WA,4.943,61.6,49.3
WA,4.971,64.0,51.6
WA,5.0,66.5,54.1
WA,5.029,66.6,55.9
WA,5.057,68.9,55.9
WA,5.086,68.9,55.9
WA,5.114,68.9,55.9
WA,5.143,68.9,55.6
WA,5.171,66.0,54.7
WA,5.2,64.2,52.0
WA,5.229,64.2,52.0
WA,5.257,64.2,52.0
WA,5.286,63.3,51.8
WA,5.314,61.5,51.8
WA,5.343,61.5,51.8
WA,5.371,60.9,51.8
WA,5.4,60.9,49.3
WA,5.429,60.9,49.3
WA,5.457,60.9,49.3
WA,5.486,61.0,49.2
WA,5.514,61.1,49.3
WA,5.543,61.1,50.0
WA,5.571,61.1,50.0
WA,5.6,61.2,50.0
WA,5.629,61.9,51.7
WA,5.657,63.6,53.1
WA,5.686,67.8,55.3
WA,5.714,68.4,55.5
WA,5.743,68.4,55.5
WA,5.771,68.4,55.5
WA,5.8,68.4,55.5
WA,5.829,65.2,53.0
WA,5.857,60.4,49.0
WA,5.886,60.4,49.0
WA,5.914,60.4,49.0
WA,5.943,60.1,49.0
WA,5.971,58.6,48.6
WA,6.0,58.6,48.6
WA,6.029,60.1,50.1
WA,6.057,62.0,51.0
WA,6.086,62.0,51.1
WA,6.114,62.0,51.4
WA,6.143,63.7,52.1
WA,6.171,63.7,52.1
WA,6.2,63.7,52.1
WA,6.229,63.7,52.1
WA,6.257,61.9,51.8
WA,6.286,61.9,51.8
WA,6.314,61.9,51.8
WA,6.343,61.9,51.8
WA,6.371,62.3,52.1
WA,6.4,63.3,52.4
WA,6.429,63.8,53.7
WA,6.457,65.7,53.8
WA,6.486,65.7,53.9
WA,6.514,66.9,54.1
WA,6.543,66.9,55.1
WA,6.571,71.1,55.1
WA,6.6,69.8,57.0
WA,6.629,69.8,57.0
WA,6.657,71.1,57.0
WA,6.686,71.1,57.0
WA,6.714,71.1,57.9
WA,6.743,85.0,57.9
WA,6.771,85.0,57.9
WA,6.8,85.0,58.3
WA,6.829,85.0,58.3
WA,6.857,83.4,58.3
WA,6.886,72.5,58.3
WA,6.914,71.4,58.1
WA,6.943,69.0,56.5
WA,6.971,68.0,55.9
WA,7.0,66.9,54.8
WA,7.029,64.6,53.3
WA,7.057,64.6,53.3
WA,7.086,64.6,53.3
WA,7.114,64.6,53.3
WA,7.143,69.5,54.5
WA,7.171,71.4,58.3
WA,7.2,72.1,59.9
WA,7.229,72.1,59.9
WA,7.257,72.1,59.9
WA,7.286,72.1,59.9
WA,7.314,72.2,59.7
WA,7.343,72.2,58.9
WA,7.371,72.1,57.3
WA,7.4,70.6,56.7
WA,7.429,65.7,54.4
WA,7.457,62.9,52.8
WA,7.486,61.8,52.8
WA,7.514,61.8,52.8
WA,7.543,61.7,52.2
WA,7.571,61.5,51.9
WA,7.6,61.5,51.9
WA,7.629,61.5,51.7
WA,7.657,61.5,51.7
WA,7.686,61.5,51.7
WA,7.714,61.5,51.7
WA,7.743,61.9,52.0
WA,7.771,67.3,53.9
WA,7.8,67.3,56.2
WA,7.829,67.3,56.5
WA,7.857,67.3,56.5
WA,7.886,66.9,56.5
WA,7.914,66.7,56.5
WA,7.943,66.0,55.9
WA,7.971,63.4,52.7
WA,8.0,63.4,52.7
WA,8.029,63.4,52.7
WA,8.057,63.4,52.7
WA,8.086,63.6,53.0
WA,8.114,66.4,54.8
WA,8.143,66.5,55.5
WA,8.171,66.5,55.6
WA,8.2,66.6,55.6
WA,8.229,67.1,55.6
WA,8.257,82.1,55.6
WA,8.286,82.1,55.5
WA,8.314,82.1,54.7
WA,8.343,82.1,52.5
WA,8.371,63.0,49.2
WA,8.4,63.0,49.2
WA,8.429,63.0,49.2
WA,8.457,61.5,49.1
WA,8.486,61.5,49.1
WA,8.514,61.5,49.1
WA,8.543,61.5,49.1
WA,8.571,61.3,48.1
WA,8.6,58.9,48.1
WA,8.629,58.9,48.1
WA,8.657,58.9,48.1
WA,8.686,58.9,48.7
WA,8.714,62.1,50.6
WA,8.743,62.1,50.6
WA,8.771,62.1,50.6
WA,8.8,62.1,50.6
WA,8.829,61.1,50.4
WA,8.857,60.4,50.4
WA,8.886,59.9,50.4
WA,8.914,59.9,49.9
WA,8.943,59.8,49.9
WA,8.971,59.7,49.8
WA,9.0,59.7,49.9
WA,9.029,59.7,50.3
WA,9.057,59.7,50.3
WA,9.086,59.8,50.3
WA,9.114,60.9,50.7
WA,9.143,60.9,50.7
WA,9.171,60.9,50.7
WA,9.2,60.9,50.7
WA,9.229,59.4,48.1
WA,9.257,55.8,46.2
WA,9.286,50.7,45.1
WA,9.314,50.7,45.1
WA,9.343,50.7,45.1
WA,9.371,50.7,45.1
WA,9.4,53.1,45.6
WA,9.429,53.2,45.8
WA,9.457,54.8,47.4
WA,9.486,54.8,47.4
WA,9.514,54.8,47.4
WA,9.543,54.8,47.4
WA,9.571,54.5,47.3
WA,9.6,54.5,47.3
WA,9.629,54.5,47.3
WA,9.657,54.5,47.3
WA,9.686,55.8,47.4
WA,9.714,55.8,47.4
WA,9.743,55.8,47.4
WA,9.771,55.8,47.4
WA,9.8,53.6,45.1
WA,9.829,51.9,45.1
WA,9.857,51.9,44.5
WA,9.886,51.9,44.4
WA,9.914,51.9,44.3
WA,9.943,52.2,44.3
WA,9.971,52.3,44.4
WA,10.0,52.3,44.5
WA,10.029,52.6,44.5
WA,10.057,52.6,44.4
WA,10.086,52.6,43.9
WA,10.114,52.6,43.9
WA,10.143,51.5,43.9
WA,10.171,49.6,43.3
WA,10.2,48.7,43.1
WA,10.229,48.3,42.0
WA,10.257,47.3,41.4
WA,10.286,47.0,40.6
WA,10.314,46.1,40.4
WA,10.343,46.1,40.3
WA,10.371,46.0,40.0
WA,10.4,45.6,40.0
WA,10.429,45.6,40.0
WA,10.457,45.6,40.0
WA,10.486,45.6,40.2
WA,10.514,45.8,40.9
WA,10.543,45.8,41.3
WA,10.571,46.2,41.3
WA,10.6,46.4,41.3
WA,10.629,46.2,41.3
WA,10.657,45.8,41.2
WA,10.686,45.7,41.2
WA,10.714,45.2,40.9
WA,10.743,44.7,40.1
WA,10.771,44.4,39.6
WA,10.8,44.0,38.7
WA,10.829,44.0,38.7
WA,10.857,44.0,38.7
WA,10.886,44.0,38.7
WA,10.914,45.0,38.6
WA,10.943,45.0,38.6
WA,10.971,45.0,38.6
WA,11.0,45.0,37.8
WA,11.029,44.1,37.2
WA,11.057,42.5,36.9
WA,11.086,40.2,36.9
WA,11.114,40.2,36.9
WA,11.143,40.2,36.9
WA,11.171,40.2,37.5
WA,11.2,40.5,37.5
WA,11.229,41.3,37.5
WA,11.257,43.5,37.5
WA,11.286,43.5,37.7
WA,11.314,43.7,37.8
WA,11.343,43.7,37.8
WA,11.371,43.7,37.8
WA,11.4,43.7,38.6
WA,11.429,43.3,38.6
WA,11.457,43.3,38.6
WA,11.486,43.3,38.6
WA,11.514,43.3,38.6
WA,11.543,43.9,38.6
WA,11.571,43.9,38.5
WA,11.6,43.9,38.4
WA,11.629,43.9,38.2
WA,11.657,43.4,37.0
WA,11.686,41.4,36.6
WA,11.714,41.4,36.6
WA,11.743,41.4,36.6
WA,11.771,41.4,36.6
WA,11.8,41.7,37.6
WA,11.829,48.5,38.1
WA,11.857,48.5,38.8
WA,11.886,48.5,38.8
WA,11.914,48.5,38.8
WA,11.943,48.5,38.8
